RESNR,RESTYPE,RESCHAIN,RESNR_LIG,RESTYPE_LIG,RESCHAIN_LIG,DIST,LIGCARBONIDX,PROTCARBONIDX,LIGCOO,PROTCOO,BOND,PROT_IDX_LIST,PROTISPOS,LIG_GROUP,LIG_IDX_LIST
353,LEU,A,1,UNL,A,3.85,4523.0,2644.0,"(15.142, 25.843, 24.469)","(14.611, 28.989, 22.313)",HYDROPHOBIC,,,,
356,TYR,A,1,UNL,A,3.55,4528.0,2665.0,"(9.46, 23.074, 26.149)","(7.8, 21.208, 23.627)",HYDROPHOBIC,,,,
360,LEU,A,1,UNL,A,3.76,4528.0,2704.0,"(9.46, 23.074, 26.149)","(7.071, 25.917, 26.709)",HYDROPHOBIC,,,,
386,TYR,A,1,UNL,A,3.93,4526.0,2934.0,"(17.647, 26.052, 24.664)","(20.069, 28.79, 26.109)",HYDROPHOBIC,,,,
388,TRP,A,1,UNL,A,3.74,4526.0,2958.0,"(17.647, 26.052, 24.664)","(19.27, 27.975, 21.895)",HYDROPHOBIC,,,,
519,PHE,A,1,UNL,A,3.99,4525.0,4031.0,"(16.679, 24.417, 23.021)","(16.597, 26.374, 19.54)",HYDROPHOBIC,,,,
532,LEU,A,1,UNL,A,3.90,4521.0,4125.0,"(12.915, 23.966, 26.934)","(11.898, 24.362, 30.679)",HYDROPHOBIC,,,,
532,LEU,A,1,UNL,A,3.95,4527.0,4124.0,"(10.82, 22.552, 26.64)","(11.627, 21.921, 30.457)",HYDROPHOBIC,,,,
350,VAL,A,1,UNL,A,3.44,4520.0,2617.0,"(11.944, 23.405, 26.084)","(10.587, 26.547, 26.472)",HYDROPHOBIC,,,,
528,ALA,A,1,UNL,A,3.56,4521.0,4093.0,"(12.915, 23.966, 26.934)","(14.643, 20.874, 26.606)",HYDROPHOBIC,,,,
121,ARG,A,1,UNL,A,3.66,,,"(11.13, 20.4535, 26.181)","(13.132666666666667, 17.390333333333334, 26.157333333333337)",SALTBRIDGE,"728,730,731",True,Carboxylate,"4530,4531"
