RESNR,RESTYPE,RESCHAIN,RESNR_LIG,RESTYPE_LIG,RESCHAIN_LIG,DIST,LIGCARBONIDX,PROTCARBONIDX,LIGCOO,PROTCOO,BOND,PROT_IDX_LIST,PROTISPOS,LIG_GROUP,LIG_IDX_LIST
117,VAL,A,1,UNL,A,3.61,4517.0,698.0,"(9.141, 22.669, 27.137)","(8.53, 20.068, 29.571)",HYDROPHOBIC,,,,
350,VAL,A,1,UNL,A,3.61,4527.0,2618.0,"(14.915, 26.607, 25.471)","(12.239, 28.243, 27.263)",HYDROPHOBIC,,,,
356,TYR,A,1,UNL,A,3.37,4518.0,2665.0,"(10.007, 22.032, 26.037)","(7.8, 21.208, 23.627)",HYDROPHOBIC,,,,
360,LEU,A,1,UNL,A,3.61,4517.0,2705.0,"(9.141, 22.669, 27.137)","(5.754, 23.892, 27.364)",HYDROPHOBIC,,,,
386,TYR,A,1,UNL,A,3.78,4531.0,2934.0,"(17.199, 26.786, 24.691)","(20.069, 28.79, 26.109)",HYDROPHOBIC,,,,
388,TRP,A,1,UNL,A,3.41,4531.0,2960.0,"(17.199, 26.786, 24.691)","(18.261, 28.862, 22.201)",HYDROPHOBIC,,,,
532,LEU,A,1,UNL,A,3.88,4520.0,4124.0,"(11.934, 23.425, 26.898)","(11.627, 21.921, 30.457)",HYDROPHOBIC,,,,
350,VAL,A,1,UNL,A,3.43,4520.0,2617.0,"(11.934, 23.425, 26.898)","(10.587, 26.547, 26.472)",HYDROPHOBIC,,,,
353,LEU,A,1,UNL,A,3.64,4529.0,2644.0,"(16.061, 27.372, 25.239)","(14.611, 28.989, 22.313)",HYDROPHOBIC,,,,
528,ALA,A,1,UNL,A,3.73,4520.0,4093.0,"(11.934, 23.425, 26.898)","(14.643, 20.874, 26.606)",HYDROPHOBIC,,,,
121,ARG,A,1,UNL,A,3.67,,,"(10.567, 19.9935, 26.5305)","(13.132666666666667, 17.390333333333334, 26.157333333333337)",SALTBRIDGE,"728,730,731",True,Carboxylate,"4533,4534"
