RESNR,RESTYPE,RESCHAIN,RESNR_LIG,RESTYPE_LIG,RESCHAIN_LIG,DIST,LIGCARBONIDX,PROTCARBONIDX,LIGCOO,PROTCOO,BOND,PROT_IDX_LIST,PROTISPOS,LIG_GROUP,LIG_IDX_LIST
117,VAL,A,1,UNL,A,3.67,4517.0,698.0,"(9.254, 22.73, 27.144)","(8.53, 20.068, 29.571)",HYDROPHOBIC,,,,
350,VAL,A,1,UNL,A,3.78,4527.0,2618.0,"(15.06, 26.546, 25.404)","(12.239, 28.243, 27.263)",HYDROPHOBIC,,,,
356,TYR,A,1,UNL,A,3.43,4518.0,2665.0,"(10.09, 22.07, 26.035)","(7.8, 21.208, 23.627)",HYDROPHOBIC,,,,
360,LEU,A,1,UNL,A,3.69,4517.0,2705.0,"(9.254, 22.73, 27.144)","(5.754, 23.892, 27.364)",HYDROPHOBIC,,,,
386,TYR,A,1,UNL,A,3.72,4531.0,2934.0,"(17.355, 26.7, 24.653)","(20.069, 28.79, 26.109)",HYDROPHOBIC,,,,
532,LEU,A,1,UNL,A,3.95,4521.0,4125.0,"(12.037, 23.495, 26.83)","(11.898, 24.362, 30.679)",HYDROPHOBIC,,,,
350,VAL,A,1,UNL,A,3.40,4521.0,2617.0,"(12.037, 23.495, 26.83)","(10.587, 26.547, 26.472)",HYDROPHOBIC,,,,
353,LEU,A,1,UNL,A,3.72,4529.0,2644.0,"(16.222, 27.295, 25.201)","(14.611, 28.989, 22.313)",HYDROPHOBIC,,,,
388,TRP,A,1,UNL,A,3.39,4531.0,2960.0,"(17.355, 26.7, 24.653)","(18.261, 28.862, 22.201)",HYDROPHOBIC,,,,
528,ALA,A,1,UNL,A,3.65,4523.0,4093.0,"(13.199, 24.229, 26.587)","(14.643, 20.874, 26.606)",HYDROPHOBIC,,,,
121,ARG,A,1,UNL,A,3.66,,,"(10.625, 20.028, 26.5415)","(13.132666666666667, 17.390333333333334, 26.157333333333337)",SALTBRIDGE,"728,730,731",True,Carboxylate,"4533,4534"
