Resid 1,Resid 2,Internal,Unnamed: 3,Unnamed: 4,van der Waals,Unnamed: 6,Unnamed: 7,Electrostatic,Unnamed: 9,Unnamed: 10,Polar Solvation,Unnamed: 12,Unnamed: 13,Non-Polar Solv.,Unnamed: 15,Unnamed: 16,TOTAL,Unnamed: 18,Unnamed: 19
,,Avg.,Std. Dev.,Std. Err. of Mean,Avg.,Std. Dev.,Std. Err. of Mean,Avg.,Std. Dev.,Std. Err. of Mean,Avg.,Std. Dev.,Std. Err. of Mean,Avg.,Std. Dev.,Std. Err. of Mean,,,
ARG  89,ARG  89,0.0,0.0,0.0,0.0,0.0,0.0,0.0,0.0,0.0,6.434722000000001,0.0,0.0,0.531658375200001,0.0,0.0,6.966380375200018,0.0,0.0
ARG  89,TYR 324,0.0,0.0,0.0,0.0,0.0,0.0,0.0,0.0,0.0,0.38304099999999996,0.0,0.0,0.10527541919999998,0.0,0.0,0.4883164191999999,0.0,0.0
ARG  89,LIG 552,0.0,0.0,0.0,0.845857,0.0,0.0,-51.099732,0.0,0.0,34.340481,0.0,0.0,-0.9438419375999999,0.0,0.0,-16.857235937600002,0.0,0.0
TYR 324,ARG  89,0.0,0.0,0.0,0.0,0.0,0.0,0.0,0.0,0.0,0.38304099999999996,0.0,0.0,0.096621156,0.0,0.0,0.4796621559999999,0.0,0.0
TYR 324,TYR 324,0.0,0.0,0.0,0.0,0.0,0.0,0.0,0.0,0.0,1.0910729999999988,0.0,0.0,0.6317282015999997,0.0,0.0,1.7228012015999958,0.0,0.0
TYR 324,LIG 552,0.0,0.0,0.0,-0.298112,0.0,0.0,-7.946467,0.0,0.0,2.735324,0.0,0.0,-1.085884308,0.0,0.0,-6.595139307999999,0.0,0.0
LIG 552,ARG  89,0.0,0.0,0.0,0.845857,0.0,0.0,-51.099732,0.0,0.0,34.340481,0.0,0.0,-0.8707259592,0.0,0.0,-16.784119959200005,0.0,0.0
LIG 552,TYR 324,0.0,0.0,0.0,-0.298112,0.0,0.0,-7.946467,0.0,0.0,2.735324,0.0,0.0,-1.1336924376,0.0,0.0,-6.642947437599999,0.0,0.0
LIG 552,LIG 552,0.0,0.0,0.0,0.0,0.0,0.0,0.0,0.0,0.0,32.36375699999999,0.0,0.0,9.1644718248,0.0,0.0,41.52822882479999,0.0,0.0
