RESNR,RESTYPE,RESCHAIN,RESNR_LIG,RESTYPE_LIG,RESCHAIN_LIG,DIST,LIGCARBONIDX,PROTCARBONIDX,LIGCOO,PROTCOO,BOND,PROT_IDX_LIST,PROTISPOS,LIG_GROUP,LIG_IDX_LIST
350,VAL,A,1,UNL,A,3.35,4533.0,2618.0,"(15.156, 27.026, 26.164)","(12.239, 28.243, 27.263)",HYDROPHOBIC,,,,
388,TRP,A,1,UNL,A,3.33,4535.0,2960.0,"(16.985, 26.929, 24.594)","(18.261, 28.862, 22.201)",HYDROPHOBIC,,,,
519,PHE,A,1,UNL,A,3.94,4519.0,4029.0,"(14.031, 24.096, 21.872)","(16.368, 25.19, 18.896)",HYDROPHOBIC,,,,
528,ALA,A,1,UNL,A,3.05,4523.0,4093.0,"(12.522, 22.256, 24.901)","(14.643, 20.874, 26.606)",HYDROPHOBIC,,,,
353,LEU,A,1,UNL,A,3.88,4535.0,2644.0,"(16.985, 26.929, 24.594)","(14.611, 28.989, 22.313)",HYDROPHOBIC,,,,
386,TYR,A,1,UNL,A,3.91,4535.0,2934.0,"(16.985, 26.929, 24.594)","(20.069, 28.79, 26.109)",HYDROPHOBIC,,,,
524,VAL,A,1,UNL,A,3.24,4521.0,4066.0,"(12.741, 22.846, 23.521)","(14.109, 20.306, 22.046)",HYDROPHOBIC,,,,
524,VAL,A,1,UNL,A,3.34,4518.0,4067.0,"(13.036, 23.877, 20.921)","(15.031, 21.363, 19.998)",HYDROPHOBIC,,,,
121,ARG,A,1,UNL,A,5.34,,,"(10.4375, 21.9405, 25.43)","(13.132666666666667, 17.390333333333334, 26.157333333333337)",SALTBRIDGE,"728,730,731",True,Carboxylate,"4525,4526"
