RESNR,RESTYPE,RESCHAIN,RESNR_LIG,RESTYPE_LIG,RESCHAIN_LIG,DIST,LIGCARBONIDX,PROTCARBONIDX,LIGCOO,PROTCOO,BOND,PROT_IDX_LIST,PROTISPOS,LIG_GROUP,LIG_IDX_LIST
356,TYR,A,1,UNL,A,3.79,4518.0,2665.0,"(10.559, 22.402, 25.933)","(7.8, 21.208, 23.627)",HYDROPHOBIC,,,,
360,LEU,A,1,UNL,A,3.94,4517.0,2704.0,"(9.731, 23.03, 27.064)","(7.071, 25.917, 26.709)",HYDROPHOBIC,,,,
519,PHE,A,1,UNL,A,4.00,4527.0,4031.0,"(15.595, 24.585, 22.973)","(16.597, 26.374, 19.54)",HYDROPHOBIC,,,,
524,VAL,A,1,UNL,A,3.75,4525.0,4066.0,"(14.393, 23.887, 23.121)","(14.109, 20.306, 22.046)",HYDROPHOBIC,,,,
532,LEU,A,1,UNL,A,3.91,4521.0,4125.0,"(12.43, 23.845, 26.84)","(11.898, 24.362, 30.679)",HYDROPHOBIC,,,,
350,VAL,A,1,UNL,A,3.29,4521.0,2617.0,"(12.43, 23.845, 26.84)","(10.587, 26.547, 26.472)",HYDROPHOBIC,,,,
528,ALA,A,1,UNL,A,3.69,4519.0,4093.0,"(11.866, 23.152, 25.756)","(14.643, 20.874, 26.606)",HYDROPHOBIC,,,,
121,ARG,A,1,UNL,A,3.64,,,"(10.967500000000001, 20.306, 26.3175)","(13.132666666666667, 17.390333333333334, 26.157333333333337)",SALTBRIDGE,"728,730,731",True,Carboxylate,"4532,4533"
